{"cameraMode":{"drawMode":0,"name":"Shaded","section":"Shading Mode"},"sceneLighting":false,"audioPlay":false,"sceneViewState":{"m_AlwaysRefresh":false,"showFog":true,"showSkybox":false,"showFlares":true,"showImageEffects":true,"showParticleSystems":true,"showVisualEffectGraphs":true,"m_FxEnabled":true},"in2DMode":false,"pivot":{"x":-1.3325839042663575,"y":1.5328563451766968,"z":-0.32983309030532839},"rotation":{"x":-0.1345520168542862,"y":0.8331168293952942,"z":-0.2316570281982422,"w":-0.48389288783073428},"size":1.7315425872802735,"orthographic":false}