{"cameraMode":{"drawMode":0,"name":"Shaded","section":"Shading Mode"},"sceneLighting":false,"audioPlay":false,"sceneViewState":{"m_AlwaysRefresh":false,"showFog":true,"showSkybox":false,"showFlares":true,"showImageEffects":true,"showParticleSystems":true,"showVisualEffectGraphs":true,"m_FxEnabled":true},"in2DMode":false,"pivot":{"x":0.3477820158004761,"y":0.46645593643188479,"z":-0.1290750503540039},"rotation":{"x":-0.24994540214538575,"y":0.49229592084884646,"z":-0.15002742409706117,"w":-0.8201626539230347},"size":1.202648401260376,"orthographic":false}